{"timestamps": [1530939191.964702, 1530939225.055954, 1530939225.8848894, 1530939226.6833868, 1530939227.4836905, 1530939228.2335155, 1530939228.999385, 1530939230.1527913, 1530939262.0915966, 1530939262.8875902, 1530939263.8357463, 1530939264.5391064, 1530939265.3048644, 1530939265.9921725, 1530939266.6799235, 1530939267.3516397, 1530939268.0702262, 1530939268.758584, 1530939269.4462624, 1530939270.117981, 1530939270.8369288, 1530939271.5245707, 1530939272.212295, 1530939272.9152553, 1530939273.8529055, 1530939274.6811633, 1530939275.3688555, 1530939306.8076267, 1530939307.9799821, 1530939308.7770202, 1530939309.5272043, 1530939310.3241987, 1530939311.1052363, 1530939311.8397613, 1530939312.6368155, 1530939313.402533, 1530939314.1995356, 1530939314.94936, 1530939315.7296875, 1530939316.4951682, 1530939317.2454684, 1530939318.026538, 1530939318.8079946, 1530939319.5582163, 1530939320.3552058, 1530939321.183077, 1530939322.0582416, 1530939322.824026, 1530939323.6991906, 1530939324.4805427, 1530939325.2775245, 1530939326.0742462, 1530939326.871241, 1530939327.6683342, 1530939328.762189, 1530939329.49676, 1530939330.21559, 1530939330.981069, 1530939331.6843638, 1530939332.434475, 1530939333.153057, 1530939333.8720288, 1530939334.6065907, 1530939335.341101], "episode_lengths": [1000, 1000, 1000, 1000, 1000, 1000, 1000, 1000, 1000, 1000, 1000, 1000, 1000, 1000, 1000, 1000, 1000, 1000, 1000, 1000, 1000, 1000, 1000, 1000, 1000, 1000, 1000, 1000, 1000, 1000, 1000, 1000, 1000, 1000, 1000, 1000, 1000, 1000, 1000, 1000, 1000, 1000, 1000, 1000, 1000, 1000, 1000, 1000, 1000, 1000, 1000, 1000, 1000, 1000, 1000, 1000, 1000, 1000, 1000, 1000, 1000, 1000, 1000, 1000], "episode_types": ["t", "t", "t", "t", "t", "t", "t", "t", "t", "t", "t", "t", "t", "t", "t", "t", "t", "t", "t", "t", "t", "t", "t", "t", "t", "t", "t", "t", "t", "t", "t", "t", "t", "t", "t", "t", "t", "t", "t", "t", "t", "t", "t", "t", "t", "t", "t", "t", "t", "t", "t", "t", "t", "t", "t", "t", "t", "t", "t", "t", "t", "t", "t", "t", "t"], "initial_reset_timestamp": 1530939160.6543088, "episode_rewards": [1900.0000000000334, 1899.755768305644, 1899.7543788363284, 1799.489109365975, 1799.8549227015055, 1699.7573542340858, 1899.8959076112703, 1799.9063823216377, 1799.8717873881994, 1899.8813843491553, 1899.6047756698115, 1799.8499665447519, 1899.9314840462625, 1899.8567862734403, 1899.8226335541399, 1799.9143317488702, 1699.8067691932297, 1799.9148784498032, 1799.741941208064, 1799.9213238173177, 1899.8614322178644, 1899.8622951472057, 1899.8453200644408, 1899.815938185355, 1799.93844856533, 1899.791251571329, 1999.8450333858493, 1899.84977673982, 1799.6563852452489, 1899.8892957173923, 1799.794417527502, 1799.8653981237921, 1899.9613192326183, 1899.8222507292398, 1899.7633097985129, 1899.7472909926641, 1799.902519718229, 1899.8754773297399, 1899.9434365645393, 1799.8090979096462, 1799.690015749358, 1799.8907344645215, 1799.911904871106, 1799.9131747687957, 1799.8093627898024, 1799.8041984142028, 1799.9445114446391, 1899.913279713166, 1799.8621515909754, 1799.902743191804, 1799.9218973320753, 1999.9021622886046, 1899.834938609391, 1899.7946944869802, 1799.8297910942536, 1799.8024506219765, 1799.875163801698, 1899.6283258190567, 1799.8880178206985, 1899.8644510559297, 1799.8522339782053, 1899.8404781569964, 1799.9294458701704, 1999.7441868248413]}